RN,TS,F2UR,F3UF,F4NBDM,F5NBDR,F6NBDF
1,7/30/2016 0:00,0.0,0.0,0.0,0.0,0.0
2,7/30/2016 0:15,0.0,0.0,0.0,0.0,0.0
3,7/30/2016 0:30,0.0,0.0,0.0,0.0,0.0
4,7/30/2016 0:45,0.0,0.0,0.0,0.0,0.0
5,7/30/2016 1:00,0.0,0.0,0.0,0.0,0.0
6,7/30/2016 1:15,0.0,0.0,0.0,0.0,0.0
7,7/30/2016 1:30,0.0,0.0,0.0,0.0,0.0
8,7/30/2016 1:45,0.0,0.0,0.0,0.0,0.0
9,7/30/2016 2:00,0.0,0.0,0.0,0.0,0.0
10,7/30/2016 2:15,0.0,0.0,0.0,0.0,0.0
11,7/30/2016 2:30,0.0,0.0,0.0,0.0,0.0
12,7/30/2016 2:45,0.0,0.0,0.0,0.0,0.0
13,7/30/2016 3:00,0.0,0.0,0.0,0.0,0.0
14,7/30/2016 3:15,0.0,0.0,0.0,0.0,0.0
15,7/30/2016 3:30,0.0,0.0,0.0,0.0,0.0
16,7/30/2016 3:45,0.0,0.0,0.0,0.0,0.0
17,7/30/2016 4:00,0.0,0.0,0.0,0.0,0.0
18,7/30/2016 4:15,0.0,0.0,0.0,0.0,0.0
19,7/30/2016 4:30,0.0,0.0,0.0,0.0,0.0
20,7/30/2016 4:45,0.0,0.0,0.0,0.0,0.0
21,7/30/2016 5:00,0.0,0.0,0.0,0.0,0.0
22,7/30/2016 5:15,0.0,0.0,0.0,0.0,0.0
23,7/30/2016 5:30,0.0,0.0,0.0,0.0,0.0
24,7/30/2016 5:45,0.0,0.0,0.0,0.0,0.0
25,7/30/2016 6:00,0.0,0.0,0.0,0.0,0.0
26,7/30/2016 6:15,0.0,0.0,0.0,0.0,0.0
27,7/30/2016 6:30,0.0,0.0,0.0,0.0,0.0
28,7/30/2016 6:45,0.0,0.0,0.0,0.0,0.0
29,7/30/2016 7:00,0.0,0.0,0.0,0.0,0.0
30,7/30/2016 7:15,0.0,0.0,0.0,0.0,0.0
31,7/30/2016 7:30,0.0,0.0,0.0,0.0,0.0
32,7/30/2016 7:45,0.0,0.0,0.0,0.0,0.0
33,7/30/2016 8:00,0.0,0.0,0.0,0.0,0.0
34,7/30/2016 8:15,0.0,0.0,0.0,0.0,0.0
35,7/30/2016 8:30,0.0,0.0,0.0,0.0,0.0
36,7/30/2016 8:45,0.0,0.0,0.0,0.0,0.0
37,7/30/2016 9:00,0.0,0.0,0.0,0.0,0.0
38,7/30/2016 9:15,0.0,0.0,0.0,0.0,0.0
39,7/30/2016 9:30,0.0,0.0,0.0,0.0,0.0
40,7/30/2016 9:45,0.0,0.0,0.0,0.0,0.0
41,7/30/2016 10:00,0.0,0.0,0.0,0.0,0.0
42,7/30/2016 10:15,0.0,0.0,0.0,0.0,0.0
43,7/30/2016 10:30,0.0,0.0,0.0,0.0,0.0
44,7/30/2016 10:45,0.0,0.0,0.0,0.0,0.0
45,7/30/2016 11:00,0.0,0.0,0.0,0.0,0.0
46,7/30/2016 11:15,0.0,0.0,0.0,0.0,0.0
47,7/30/2016 11:30,0.0,0.0,0.0,0.0,0.0
48,7/30/2016 11:45,0.0,0.0,0.0,0.0,0.0
49,7/30/2016 12:00,0.0,0.0,0.0,0.0,0.0
50,7/30/2016 12:15,0.0,0.0,0.0,0.0,0.0
51,7/30/2016 12:30,0.0,0.0,0.0,0.0,0.0
52,7/30/2016 12:45,0.0,0.0,0.0,0.0,0.0
53,7/30/2016 13:00,0.0,0.0,0.0,0.0,0.0
54,7/30/2016 13:15,0.0,0.0,0.0,0.0,0.0
55,7/30/2016 13:30,0.0,0.0,0.0,0.0,0.0
56,7/30/2016 13:45,0.0,0.0,0.0,0.0,0.0
57,7/30/2016 14:00,0.0,0.0,0.0,0.0,0.0
58,7/30/2016 14:15,0.0,0.0,0.0,0.0,0.0
59,7/30/2016 14:30,0.0,0.0,0.0,0.0,0.0
60,7/30/2016 14:45,0.0,0.0,0.0,0.0,0.0
61,7/30/2016 15:00,0.0,0.0,0.0,0.0,0.0
62,7/30/2016 15:15,0.0,0.0,0.0,0.0,0.0
63,7/30/2016 15:30,0.0,0.0,0.0,0.0,0.0
64,7/30/2016 15:45,0.0,0.0,0.0,0.0,0.0
65,7/30/2016 16:00,0.0,0.0,0.0,0.0,0.0
66,7/30/2016 16:15,0.0,0.0,0.0,0.0,0.0
67,7/30/2016 16:30,0.0,0.0,0.0,0.0,0.0
68,7/30/2016 16:45,0.0,0.0,0.0,0.0,0.0
69,7/30/2016 17:00,0.0,0.0,0.0,0.0,0.0
70,7/30/2016 17:15,0.0,0.0,0.0,0.0,0.0
71,7/30/2016 17:30,0.0,0.0,0.0,0.0,0.0
72,7/30/2016 17:45,0.0,0.0,0.0,0.0,0.0
73,7/30/2016 18:00,0.0,0.0,0.0,0.0,0.0
74,7/30/2016 18:15,0.0,0.0,0.0,0.0,0.0
75,7/30/2016 18:30,0.0,8.5,106.1,137.8,0.0
76,7/30/2016 18:45,0.0,0.0,0.0,79.8,0.0
77,7/30/2016 19:00,0.0,0.0,0.0,21.8,0.0
78,7/30/2016 19:15,0.0,0.0,15.2,0.0,0.0
79,7/30/2016 19:30,0.0,50.8,0.0,0.0,0.0
80,7/30/2016 19:45,0.0,0.0,0.0,0.0,0.0
81,7/30/2016 20:00,0.0,0.0,0.0,0.0,0.0
82,7/30/2016 20:15,27.4,0.0,0.0,0.0,0.0
83,7/30/2016 20:30,0.0,0.0,0.0,0.0,22.4
84,7/30/2016 20:45,0.0,0.0,0.0,0.0,22.4
85,7/30/2016 21:00,0.0,0.0,0.0,0.0,14.9
86,7/30/2016 21:15,0.0,0.0,0.0,0.0,14.9
87,7/30/2016 21:30,0.0,0.0,0.0,0.0,14.9
88,7/30/2016 21:45,0.0,0.0,0.0,0.0,14.9
89,7/30/2016 22:00,0.0,0.0,0.0,0.0,7.5
90,7/30/2016 22:15,0.0,0.0,0.0,0.0,7.5
91,7/30/2016 22:30,0.0,0.0,0.0,0.0,7.5
92,7/30/2016 22:45,0.0,0.0,0.0,0.0,0.0
93,7/30/2016 23:00,0.0,0.0,0.0,0.0,0.0
94,7/30/2016 23:15,0.0,0.0,0.0,0.0,0.0
95,7/30/2016 23:30,0.0,0.0,0.0,0.0,0.0
96,7/30/2016 23:45,0.0,0.0,0.0,0.0,0.0
97,7/31/2016 0:00,0.0,0.0,0.0,0.0,0.0
98,7/31/2016 0:15,0.0,0.0,0.0,0.0,0.0
99,7/31/2016 0:30,0.0,0.0,0.0,0.0,0.0
100,7/31/2016 0:45,0.0,0.0,0.0,0.0,0.0
101,7/31/2016 1:00,0.0,0.0,0.0,0.0,0.0
102,7/31/2016 1:15,0.0,0.0,0.0,0.0,0.0
103,7/31/2016 1:30,0.0,0.0,0.0,0.0,0.0
104,7/31/2016 1:45,0.0,0.0,0.0,0.0,0.0
105,7/31/2016 2:00,0.0,0.0,0.0,0.0,0.0
106,7/31/2016 2:15,0.0,0.0,0.0,0.0,0.0
107,7/31/2016 2:30,0.0,0.0,0.0,0.0,0.0
108,7/31/2016 2:45,0.0,0.0,0.0,0.0,0.0
109,7/31/2016 3:00,0.0,0.0,0.0,0.0,0.0
110,7/31/2016 3:15,0.0,0.0,0.0,0.0,0.0
111,7/31/2016 3:30,0.0,0.0,0.0,0.0,0.0
112,7/31/2016 3:45,0.0,0.0,0.0,0.0,0.0
113,7/31/2016 4:00,0.0,0.0,0.0,0.0,0.0
114,7/31/2016 4:15,0.0,0.0,0.0,0.0,0.0
115,7/31/2016 4:30,0.0,0.0,0.0,0.0,0.0
116,7/31/2016 4:45,0.0,0.0,0.0,0.0,0.0
117,7/31/2016 5:00,0.0,0.0,0.0,0.0,0.0
118,7/31/2016 5:15,0.0,0.0,0.0,0.0,0.0
119,7/31/2016 5:30,0.0,0.0,0.0,0.0,0.0
120,7/31/2016 5:45,0.0,0.0,0.0,0.0,0.0
121,7/31/2016 6:00,0.0,0.0,0.0,0.0,0.0
122,7/31/2016 6:15,0.0,0.0,0.0,0.0,0.0
123,7/31/2016 6:30,0.0,0.0,0.0,0.0,0.0
124,7/31/2016 6:45,0.0,0.0,0.0,0.0,0.0
125,7/31/2016 7:00,0.0,0.0,0.0,0.0,0.0
126,7/31/2016 7:15,0.0,0.0,0.0,0.0,0.0
127,7/31/2016 7:30,0.0,0.0,0.0,0.0,0.0
128,7/31/2016 7:45,0.0,0.0,0.0,0.0,0.0
129,7/31/2016 8:00,0.0,0.0,0.0,0.0,0.0
130,7/31/2016 8:15,0.0,0.0,0.0,0.0,0.0
131,7/31/2016 8:30,6.9,0.0,0.0,0.0,0.0
132,7/31/2016 8:45,6.9,0.0,0.0,0.0,0.0
133,7/31/2016 9:00,0.0,0.0,0.0,0.0,0.0
134,7/31/2016 9:15,0.0,0.0,0.0,0.0,0.0
135,7/31/2016 9:30,0.0,0.0,0.0,0.0,0.0
136,7/31/2016 9:45,0.0,0.0,0.0,0.0,0.0
137,7/31/2016 10:00,0.0,0.0,0.0,0.0,0.0
138,7/31/2016 10:15,0.0,0.0,0.0,0.0,0.0
139,7/31/2016 10:30,0.0,0.0,0.0,0.0,0.0
140,7/31/2016 10:45,0.0,0.0,0.0,0.0,0.0
141,7/31/2016 11:00,0.0,0.0,0.0,0.0,0.0
142,7/31/2016 11:15,0.0,0.0,0.0,0.0,0.0
143,7/31/2016 11:30,0.0,0.0,0.0,0.0,0.0
144,7/31/2016 11:45,0.0,0.0,0.0,0.0,0.0
145,7/31/2016 12:00,0.0,0.0,0.0,0.0,0.0
146,7/31/2016 12:15,0.0,0.0,0.0,0.0,0.0
147,7/31/2016 12:30,0.0,0.0,0.0,0.0,0.0
148,7/31/2016 12:45,0.0,0.0,0.0,0.0,0.0
149,7/31/2016 13:00,0.0,0.0,0.0,0.0,0.0
150,7/31/2016 13:15,0.0,0.0,0.0,0.0,0.0
151,7/31/2016 13:30,0.0,0.0,0.0,0.0,0.0
152,7/31/2016 13:45,0.0,0.0,0.0,0.0,0.0
153,7/31/2016 14:00,0.0,0.0,0.0,0.0,0.0
154,7/31/2016 14:15,0.0,0.0,0.0,0.0,0.0
155,7/31/2016 14:30,0.0,0.0,0.0,0.0,0.0
156,7/31/2016 14:45,0.0,0.0,0.0,0.0,0.0
157,7/31/2016 15:00,0.0,0.0,0.0,0.0,0.0
158,7/31/2016 15:15,0.0,0.0,0.0,0.0,0.0
159,7/31/2016 15:30,0.0,0.0,0.0,0.0,0.0
160,7/31/2016 15:45,0.0,0.0,0.0,0.0,0.0
161,7/31/2016 16:00,0.0,0.0,0.0,0.0,0.0
162,7/31/2016 16:15,0.0,0.0,0.0,0.0,0.0
163,7/31/2016 16:30,0.0,0.0,0.0,0.0,0.0
164,7/31/2016 16:45,0.0,0.0,0.0,0.0,0.0
165,7/31/2016 17:00,0.0,0.0,0.0,0.0,0.0
166,7/31/2016 17:15,0.0,0.0,0.0,0.0,0.0
167,7/31/2016 17:30,0.0,0.0,0.0,0.0,0.0
168,7/31/2016 17:45,0.0,0.0,0.0,0.0,0.0
169,7/31/2016 18:00,0.0,0.0,0.0,0.0,0.0
170,7/31/2016 18:15,0.0,0.0,0.0,0.0,0.0
171,7/31/2016 18:30,0.0,0.0,0.0,0.0,0.0
172,7/31/2016 18:45,0.0,0.0,0.0,0.0,0.0
173,7/31/2016 19:00,0.0,0.0,0.0,0.0,0.0
174,7/31/2016 19:15,0.0,0.0,0.0,0.0,0.0
175,7/31/2016 19:30,0.0,0.0,0.0,0.0,0.0
176,7/31/2016 19:45,0.0,0.0,0.0,0.0,0.0
177,7/31/2016 20:00,0.0,0.0,0.0,0.0,0.0
178,7/31/2016 20:15,0.0,0.0,0.0,0.0,0.0
179,7/31/2016 20:30,0.0,0.0,0.0,0.0,0.0
180,7/31/2016 20:45,0.0,0.0,0.0,0.0,0.0
181,7/31/2016 21:00,0.0,0.0,0.0,0.0,0.0
182,7/31/2016 21:15,0.0,0.0,0.0,0.0,0.0
183,7/31/2016 21:30,0.0,0.0,0.0,0.0,0.0
184,7/31/2016 21:45,0.0,0.0,0.0,0.0,0.0
185,7/31/2016 22:00,13.7,0.0,0.0,0.0,0.0
186,7/31/2016 22:15,0.0,0.0,0.0,0.0,0.0
187,7/31/2016 22:30,0.0,0.0,0.0,0.0,0.0
188,7/31/2016 22:45,0.0,0.0,0.0,0.0,0.0
189,7/31/2016 23:00,0.0,0.0,0.0,0.0,0.0
190,7/31/2016 23:15,0.0,0.0,0.0,0.0,0.0
191,7/31/2016 23:30,0.0,0.0,0.0,0.0,0.0
192,7/31/2016 23:45,0.0,0.0,0.0,0.0,0.0
193,8/1/2016 0:00,0.0,0.0,0.0,0.0,0.0
194,8/1/2016 0:15,0.0,0.0,0.0,0.0,0.0
195,8/1/2016 0:30,0.0,0.0,0.0,0.0,0.0
196,8/1/2016 0:45,0.0,0.0,0.0,0.0,0.0
197,8/1/2016 1:00,0.0,0.0,0.0,0.0,0.0
198,8/1/2016 1:15,0.0,0.0,0.0,0.0,0.0
199,8/1/2016 1:30,0.0,0.0,0.0,0.0,0.0
200,8/1/2016 1:45,0.0,0.0,0.0,0.0,0.0
201,8/1/2016 2:00,0.0,0.0,0.0,0.0,0.0
202,8/1/2016 2:15,0.0,0.0,0.0,0.0,0.0
203,8/1/2016 2:30,0.0,0.0,0.0,0.0,0.0
204,8/1/2016 2:45,0.0,0.0,0.0,0.0,0.0
205,8/1/2016 3:00,0.0,0.0,0.0,0.0,0.0
206,8/1/2016 3:15,0.0,0.0,0.0,0.0,0.0
207,8/1/2016 3:30,0.0,0.0,0.0,0.0,0.0
208,8/1/2016 3:45,0.0,0.0,0.0,0.0,0.0
209,8/1/2016 4:00,0.0,0.0,0.0,0.0,0.0
210,8/1/2016 4:15,0.0,0.0,0.0,0.0,0.0
211,8/1/2016 4:30,0.0,0.0,0.0,0.0,0.0
212,8/1/2016 4:45,0.0,0.0,0.0,0.0,0.0
213,8/1/2016 5:00,0.0,0.0,0.0,0.0,0.0
214,8/1/2016 5:15,0.0,0.0,0.0,0.0,0.0
215,8/1/2016 5:30,0.0,0.0,0.0,0.0,0.0
216,8/1/2016 5:45,0.0,0.0,0.0,0.0,0.0
217,8/1/2016 6:00,0.0,0.0,0.0,0.0,0.0
218,8/1/2016 6:15,0.0,0.0,0.0,0.0,0.0
219,8/1/2016 6:30,0.0,0.0,0.0,0.0,0.0
220,8/1/2016 6:45,0.0,0.0,0.0,0.0,0.0
221,8/1/2016 7:00,0.0,0.0,0.0,0.0,0.0
222,8/1/2016 7:15,0.0,0.0,0.0,0.0,0.0
223,8/1/2016 7:30,0.0,0.0,0.0,0.0,0.0
224,8/1/2016 7:45,0.0,0.0,0.0,0.0,0.0
225,8/1/2016 8:00,0.0,0.0,0.0,0.0,0.0
226,8/1/2016 8:15,0.0,0.0,0.0,0.0,0.0
227,8/1/2016 8:30,0.0,0.0,0.0,0.0,0.0
228,8/1/2016 8:45,54.8,0.0,0.0,0.0,0.0
229,8/1/2016 9:00,61.7,0.0,0.0,0.0,0.0
230,8/1/2016 9:15,0.0,0.0,0.0,0.0,0.0
231,8/1/2016 9:30,0.0,0.0,0.0,0.0,0.0
232,8/1/2016 9:45,0.0,0.0,0.0,0.0,0.0
233,8/1/2016 10:00,0.0,0.0,0.0,0.0,0.0
234,8/1/2016 10:15,0.0,0.0,0.0,0.0,0.0
235,8/1/2016 10:30,0.0,0.0,0.0,0.0,0.0
236,8/1/2016 10:45,0.0,0.0,0.0,0.0,0.0
237,8/1/2016 11:00,0.0,0.0,0.0,0.0,0.0
238,8/1/2016 11:15,0.0,0.0,0.0,0.0,0.0
239,8/1/2016 11:30,0.0,0.0,0.0,0.0,0.0
240,8/1/2016 11:45,0.0,0.0,0.0,0.0,0.0
241,8/1/2016 12:00,0.0,0.0,0.0,0.0,0.0
242,8/1/2016 12:15,0.0,0.0,0.0,0.0,0.0
243,8/1/2016 12:30,0.0,0.0,0.0,0.0,0.0
244,8/1/2016 12:45,0.0,0.0,0.0,0.0,0.0
245,8/1/2016 13:00,0.0,0.0,0.0,0.0,0.0
246,8/1/2016 13:15,0.0,0.0,0.0,0.0,0.0
247,8/1/2016 13:30,0.0,0.0,0.0,0.0,0.0
248,8/1/2016 13:45,0.0,0.0,0.0,0.0,0.0
249,8/1/2016 14:00,0.0,0.0,0.0,0.0,0.0
250,8/1/2016 14:15,0.0,0.0,0.0,0.0,0.0
251,8/1/2016 14:30,0.0,0.0,0.0,0.0,0.0
252,8/1/2016 14:45,0.0,0.0,0.0,0.0,0.0
253,8/1/2016 15:00,0.0,0.0,0.0,0.0,0.0
254,8/1/2016 15:15,0.0,0.0,0.0,0.0,0.0
255,8/1/2016 15:30,0.0,0.0,0.0,0.0,0.0
256,8/1/2016 15:45,0.0,0.0,0.0,0.0,0.0
257,8/1/2016 16:00,0.0,0.0,0.0,0.0,0.0
258,8/1/2016 16:15,0.0,0.0,0.0,0.0,0.0
259,8/1/2016 16:30,0.0,0.0,0.0,0.0,0.0
260,8/1/2016 16:45,0.0,0.0,0.0,0.0,0.0
261,8/1/2016 17:00,0.0,0.0,0.0,0.0,0.0
262,8/1/2016 17:15,0.0,0.0,0.0,0.0,0.0
263,8/1/2016 17:30,0.0,0.0,0.0,0.0,0.0
264,8/1/2016 17:45,0.0,0.0,0.0,0.0,0.0
265,8/1/2016 18:00,0.0,0.0,0.0,0.0,0.0
266,8/1/2016 18:15,0.0,0.0,0.0,0.0,0.0
267,8/1/2016 18:30,0.0,0.0,0.0,0.0,0.0
268,8/1/2016 18:45,0.0,0.0,0.0,0.0,0.0
269,8/1/2016 19:00,0.0,0.0,0.0,0.0,0.0
270,8/1/2016 19:15,0.0,0.0,0.0,0.0,0.0
271,8/1/2016 19:30,0.0,0.0,0.0,0.0,0.0
272,8/1/2016 19:45,0.0,0.0,0.0,0.0,0.0
273,8/1/2016 20:00,0.0,0.0,0.0,0.0,0.0
274,8/1/2016 20:15,0.0,0.0,0.0,0.0,0.0
275,8/1/2016 20:30,0.0,0.0,0.0,0.0,0.0
276,8/1/2016 20:45,0.0,0.0,0.0,0.0,0.0
277,8/1/2016 21:00,0.0,0.0,0.0,0.0,0.0
278,8/1/2016 21:15,0.0,0.0,0.0,0.0,0.0
279,8/1/2016 21:30,0.0,0.0,0.0,0.0,0.0
280,8/1/2016 21:45,0.0,0.0,0.0,0.0,0.0
281,8/1/2016 22:00,0.0,0.0,0.0,0.0,0.0
282,8/1/2016 22:15,0.0,0.0,0.0,0.0,0.0
283,8/1/2016 22:30,0.0,0.0,0.0,0.0,0.0
284,8/1/2016 22:45,0.0,0.0,0.0,0.0,0.0
285,8/1/2016 23:00,0.0,0.0,0.0,0.0,0.0
286,8/1/2016 23:15,0.0,0.0,0.0,0.0,0.0
287,8/1/2016 23:30,0.0,0.0,0.0,0.0,0.0
288,8/1/2016 23:45,0.0,0.0,0.0,0.0,0.0
289,8/2/2016 0:00,0.0,0.0,0.0,0.0,0.0
290,8/2/2016 0:15,0.0,0.0,0.0,0.0,0.0
291,8/2/2016 0:30,0.0,0.0,0.0,0.0,0.0
292,8/2/2016 0:45,0.0,0.0,0.0,0.0,0.0
293,8/2/2016 1:00,0.0,0.0,0.0,0.0,0.0
294,8/2/2016 1:15,0.0,0.0,0.0,0.0,0.0
295,8/2/2016 1:30,0.0,0.0,0.0,0.0,0.0
296,8/2/2016 1:45,0.0,0.0,0.0,0.0,0.0
297,8/2/2016 2:00,0.0,0.0,0.0,0.0,0.0
298,8/2/2016 2:15,0.0,0.0,0.0,0.0,0.0
299,8/2/2016 2:30,0.0,0.0,0.0,0.0,0.0
300,8/2/2016 2:45,0.0,0.0,0.0,0.0,0.0
301,8/2/2016 3:00,0.0,0.0,0.0,0.0,0.0
302,8/2/2016 3:15,0.0,0.0,0.0,0.0,0.0
303,8/2/2016 3:30,0.0,0.0,0.0,0.0,0.0
304,8/2/2016 3:45,0.0,0.0,0.0,0.0,0.0
305,8/2/2016 4:00,0.0,0.0,0.0,0.0,0.0
306,8/2/2016 4:15,0.0,0.0,0.0,0.0,0.0
307,8/2/2016 4:30,0.0,0.0,0.0,0.0,0.0
308,8/2/2016 4:45,0.0,0.0,0.0,0.0,0.0
309,8/2/2016 5:00,0.0,0.0,0.0,0.0,0.0
310,8/2/2016 5:15,0.0,0.0,0.0,0.0,0.0
311,8/2/2016 5:30,0.0,0.0,0.0,0.0,0.0
312,8/2/2016 5:45,0.0,0.0,0.0,0.0,0.0
313,8/2/2016 6:00,0.0,0.0,0.0,0.0,0.0
314,8/2/2016 6:15,0.0,0.0,0.0,0.0,0.0
315,8/2/2016 6:30,0.0,0.0,0.0,0.0,0.0
316,8/2/2016 6:45,0.0,0.0,0.0,0.0,0.0
317,8/2/2016 7:00,0.0,0.0,0.0,0.0,0.0
318,8/2/2016 7:15,0.0,0.0,0.0,0.0,0.0
319,8/2/2016 7:30,0.0,0.0,0.0,0.0,0.0
320,8/2/2016 7:45,0.0,0.0,0.0,0.0,0.0
321,8/2/2016 8:00,0.0,0.0,0.0,0.0,0.0
322,8/2/2016 8:15,0.0,0.0,0.0,0.0,0.0
323,8/2/2016 8:30,0.0,0.0,0.0,0.0,0.0
324,8/2/2016 8:45,0.0,0.0,0.0,0.0,0.0
325,8/2/2016 9:00,0.0,0.0,0.0,0.0,0.0
326,8/2/2016 9:15,0.0,0.0,0.0,0.0,0.0
327,8/2/2016 9:30,0.0,0.0,0.0,0.0,0.0
328,8/2/2016 9:45,0.0,0.0,0.0,0.0,0.0
329,8/2/2016 10:00,0.0,0.0,0.0,0.0,0.0
330,8/2/2016 10:15,0.0,0.0,0.0,0.0,0.0
331,8/2/2016 10:30,0.0,0.0,0.0,0.0,0.0
332,8/2/2016 10:45,0.0,0.0,0.0,0.0,0.0
333,8/2/2016 11:00,0.0,0.0,0.0,0.0,0.0
334,8/2/2016 11:15,0.0,0.0,0.0,0.0,0.0
335,8/2/2016 11:30,0.0,0.0,0.0,0.0,0.0
336,8/2/2016 11:45,0.0,0.0,0.0,0.0,0.0
337,8/2/2016 12:00,0.0,0.0,0.0,0.0,0.0
338,8/2/2016 12:15,0.0,0.0,0.0,0.0,0.0
339,8/2/2016 12:30,0.0,0.0,0.0,0.0,0.0
340,8/2/2016 12:45,0.0,0.0,0.0,0.0,0.0
341,8/2/2016 13:00,0.0,0.0,0.0,0.0,0.0
342,8/2/2016 13:15,0.0,0.0,0.0,0.0,0.0
343,8/2/2016 13:30,0.0,0.0,0.0,0.0,0.0
344,8/2/2016 13:45,0.0,0.0,0.0,0.0,0.0
345,8/2/2016 14:00,0.0,0.0,0.0,0.0,0.0
346,8/2/2016 14:15,0.0,0.0,0.0,0.0,0.0
347,8/2/2016 14:30,0.0,0.0,0.0,0.0,0.0
348,8/2/2016 14:45,0.0,0.0,0.0,0.0,0.0
349,8/2/2016 15:00,0.0,0.0,0.0,0.0,0.0
350,8/2/2016 15:15,0.0,0.0,0.0,0.0,0.0
351,8/2/2016 15:30,0.0,0.0,0.0,0.0,0.0
352,8/2/2016 15:45,0.0,0.0,0.0,0.0,0.0
353,8/2/2016 16:00,0.0,0.0,0.0,0.0,0.0
354,8/2/2016 16:15,0.0,0.0,0.0,0.0,0.0
355,8/2/2016 16:30,0.0,0.0,0.0,0.0,0.0
356,8/2/2016 16:45,0.0,0.0,0.0,0.0,0.0
357,8/2/2016 17:00,0.0,0.0,0.0,0.0,0.0
358,8/2/2016 17:15,0.0,0.0,0.0,0.0,0.0
359,8/2/2016 17:30,0.0,0.0,0.0,0.0,0.0
360,8/2/2016 17:45,0.0,0.0,0.0,0.0,0.0
361,8/2/2016 18:00,0.0,0.0,0.0,0.0,0.0
362,8/2/2016 18:15,0.0,0.0,0.0,0.0,0.0
363,8/2/2016 18:30,0.0,0.0,0.0,0.0,0.0
364,8/2/2016 18:45,0.0,0.0,0.0,0.0,0.0
365,8/2/2016 19:00,0.0,0.0,0.0,0.0,0.0
366,8/2/2016 19:15,0.0,0.0,0.0,0.0,0.0
367,8/2/2016 19:30,0.0,0.0,0.0,0.0,0.0
368,8/2/2016 19:45,0.0,0.0,0.0,0.0,0.0
369,8/2/2016 20:00,0.0,0.0,0.0,0.0,0.0
370,8/2/2016 20:15,0.0,0.0,0.0,0.0,0.0
371,8/2/2016 20:30,0.0,0.0,0.0,0.0,0.0
372,8/2/2016 20:45,0.0,0.0,0.0,0.0,0.0
373,8/2/2016 21:00,0.0,0.0,0.0,0.0,0.0
374,8/2/2016 21:15,0.0,0.0,0.0,0.0,0.0
375,8/2/2016 21:30,0.0,0.0,0.0,0.0,0.0
376,8/2/2016 21:45,0.0,0.0,0.0,0.0,0.0
377,8/2/2016 22:00,0.0,0.0,0.0,0.0,0.0
378,8/2/2016 22:15,0.0,0.0,0.0,0.0,0.0
379,8/2/2016 22:30,0.0,0.0,0.0,0.0,0.0
380,8/2/2016 22:45,0.0,0.0,0.0,0.0,0.0
381,8/2/2016 23:00,0.0,0.0,0.0,0.0,0.0
382,8/2/2016 23:15,0.0,0.0,0.0,0.0,0.0
383,8/2/2016 23:30,0.0,0.0,0.0,0.0,0.0
384,8/2/2016 23:45,0.0,0.0,0.0,0.0,0.0
385,8/3/2016 0:00,0.0,0.0,0.0,0.0,0.0
386,8/3/2016 0:15,0.0,0.0,0.0,0.0,0.0
387,8/3/2016 0:30,0.0,0.0,0.0,0.0,0.0
388,8/3/2016 0:45,0.0,0.0,0.0,0.0,0.0
389,8/3/2016 1:00,0.0,0.0,0.0,0.0,0.0
390,8/3/2016 1:15,0.0,0.0,0.0,0.0,0.0
391,8/3/2016 1:30,0.0,0.0,0.0,0.0,0.0
392,8/3/2016 1:45,0.0,0.0,0.0,0.0,0.0
393,8/3/2016 2:00,0.0,0.0,0.0,0.0,0.0
394,8/3/2016 2:15,0.0,0.0,0.0,0.0,0.0
395,8/3/2016 2:30,0.0,0.0,0.0,0.0,0.0
396,8/3/2016 2:45,0.0,0.0,0.0,0.0,0.0
397,8/3/2016 3:00,0.0,0.0,0.0,0.0,0.0
398,8/3/2016 3:15,0.0,0.0,0.0,0.0,0.0
399,8/3/2016 3:30,0.0,0.0,0.0,0.0,0.0
400,8/3/2016 3:45,0.0,0.0,0.0,0.0,0.0
401,8/3/2016 4:00,0.0,0.0,0.0,0.0,0.0
402,8/3/2016 4:15,0.0,0.0,0.0,0.0,0.0
403,8/3/2016 4:30,0.0,0.0,0.0,0.0,0.0
404,8/3/2016 4:45,0.0,0.0,0.0,0.0,0.0
405,8/3/2016 5:00,0.0,0.0,0.0,0.0,0.0
406,8/3/2016 5:15,0.0,0.0,0.0,0.0,0.0
407,8/3/2016 5:30,0.0,0.0,0.0,0.0,0.0
408,8/3/2016 5:45,0.0,0.0,0.0,0.0,0.0
409,8/3/2016 6:00,0.0,0.0,0.0,0.0,0.0
410,8/3/2016 6:15,0.0,0.0,0.0,0.0,0.0
411,8/3/2016 6:30,0.0,0.0,0.0,0.0,0.0
412,8/3/2016 6:45,0.0,0.0,0.0,0.0,0.0
413,8/3/2016 7:00,0.0,0.0,0.0,0.0,0.0
414,8/3/2016 7:15,0.0,0.0,0.0,0.0,0.0
415,8/3/2016 7:30,0.0,0.0,0.0,0.0,0.0
416,8/3/2016 7:45,0.0,0.0,0.0,0.0,0.0
417,8/3/2016 8:00,0.0,0.0,0.0,0.0,0.0
418,8/3/2016 8:15,0.0,0.0,0.0,0.0,0.0
419,8/3/2016 8:30,0.0,0.0,0.0,0.0,0.0
420,8/3/2016 8:45,0.0,0.0,0.0,0.0,0.0
421,8/3/2016 9:00,0.0,0.0,0.0,0.0,0.0
422,8/3/2016 9:15,0.0,0.0,0.0,0.0,0.0
423,8/3/2016 9:30,0.0,0.0,0.0,0.0,0.0
424,8/3/2016 9:45,0.0,0.0,0.0,0.0,0.0
425,8/3/2016 10:00,0.0,0.0,0.0,0.0,0.0
426,8/3/2016 10:15,0.0,0.0,0.0,0.0,0.0
427,8/3/2016 10:30,0.0,0.0,0.0,0.0,0.0
428,8/3/2016 10:45,0.0,0.0,0.0,0.0,0.0
429,8/3/2016 11:00,0.0,0.0,0.0,0.0,0.0
430,8/3/2016 11:15,0.0,0.0,0.0,0.0,0.0
431,8/3/2016 11:30,0.0,0.0,0.0,0.0,0.0
432,8/3/2016 11:45,0.0,0.0,0.0,0.0,0.0
433,8/3/2016 12:00,0.0,0.0,0.0,0.0,0.0
434,8/3/2016 12:15,0.0,0.0,0.0,0.0,0.0
435,8/3/2016 12:30,0.0,0.0,0.0,0.0,0.0
436,8/3/2016 12:45,0.0,0.0,0.0,0.0,0.0
437,8/3/2016 13:00,0.0,0.0,0.0,0.0,0.0
438,8/3/2016 13:15,0.0,0.0,0.0,0.0,0.0
439,8/3/2016 13:30,0.0,0.0,0.0,0.0,0.0
440,8/3/2016 13:45,0.0,0.0,0.0,0.0,0.0
441,8/3/2016 14:00,0.0,0.0,0.0,0.0,0.0
442,8/3/2016 14:15,0.0,0.0,0.0,0.0,0.0
443,8/3/2016 14:30,0.0,0.0,0.0,0.0,0.0
444,8/3/2016 14:45,0.0,0.0,0.0,0.0,0.0
445,8/3/2016 15:00,0.0,0.0,0.0,0.0,0.0
446,8/3/2016 15:15,0.0,0.0,0.0,0.0,0.0
447,8/3/2016 15:30,0.0,0.0,0.0,0.0,0.0
448,8/3/2016 15:45,0.0,0.0,0.0,0.0,0.0
449,8/3/2016 16:00,0.0,0.0,0.0,0.0,0.0
450,8/3/2016 16:15,0.0,0.0,0.0,0.0,0.0
451,8/3/2016 16:30,0.0,0.0,0.0,0.0,0.0
452,8/3/2016 16:45,0.0,0.0,0.0,0.0,0.0
453,8/3/2016 17:00,0.0,0.0,0.0,0.0,0.0
454,8/3/2016 17:15,0.0,0.0,0.0,0.0,0.0
455,8/3/2016 17:30,0.0,0.0,0.0,0.0,0.0
456,8/3/2016 17:45,0.0,0.0,0.0,0.0,0.0
457,8/3/2016 18:00,0.0,0.0,0.0,0.0,0.0
458,8/3/2016 18:15,0.0,0.0,0.0,0.0,0.0
459,8/3/2016 18:30,0.0,0.0,0.0,0.0,0.0
460,8/3/2016 18:45,0.0,0.0,0.0,0.0,0.0
461,8/3/2016 19:00,0.0,0.0,0.0,0.0,0.0
462,8/3/2016 19:15,0.0,0.0,0.0,0.0,0.0
463,8/3/2016 19:30,0.0,0.0,0.0,0.0,0.0
464,8/3/2016 19:45,0.0,0.0,0.0,0.0,0.0
465,8/3/2016 20:00,0.0,0.0,0.0,0.0,0.0
466,8/3/2016 20:15,0.0,0.0,0.0,0.0,0.0
467,8/3/2016 20:30,0.0,0.0,0.0,0.0,0.0
468,8/3/2016 20:45,0.0,0.0,0.0,0.0,0.0
469,8/3/2016 21:00,0.0,0.0,0.0,0.0,0.0
470,8/3/2016 21:15,0.0,0.0,0.0,0.0,0.0
471,8/3/2016 21:30,0.0,0.0,0.0,0.0,0.0
472,8/3/2016 21:45,0.0,0.0,0.0,0.0,0.0
473,8/3/2016 22:00,0.0,0.0,0.0,0.0,0.0
474,8/3/2016 22:15,0.0,0.0,0.0,0.0,0.0
475,8/3/2016 22:30,0.0,0.0,0.0,0.0,0.0
476,8/3/2016 22:45,0.0,0.0,0.0,0.0,0.0
477,8/3/2016 23:00,0.0,0.0,0.0,0.0,0.0
478,8/3/2016 23:15,0.0,0.0,0.0,0.0,0.0
479,8/3/2016 23:30,0.0,0.0,0.0,0.0,0.0
480,8/3/2016 23:45,0.0,0.0,0.0,0.0,0.0
481,8/4/2016 0:00,0.0,0.0,0.0,0.0,0.0
482,8/4/2016 0:15,0.0,0.0,0.0,0.0,0.0
483,8/4/2016 0:30,0.0,0.0,0.0,0.0,0.0
484,8/4/2016 0:45,0.0,0.0,0.0,0.0,0.0
485,8/4/2016 1:00,0.0,0.0,0.0,0.0,0.0
486,8/4/2016 1:15,0.0,0.0,0.0,0.0,0.0
487,8/4/2016 1:30,0.0,0.0,0.0,0.0,0.0
488,8/4/2016 1:45,0.0,0.0,0.0,0.0,0.0
489,8/4/2016 2:00,0.0,0.0,0.0,0.0,0.0
490,8/4/2016 2:15,0.0,0.0,0.0,0.0,0.0
491,8/4/2016 2:30,0.0,0.0,0.0,0.0,0.0
492,8/4/2016 2:45,0.0,0.0,0.0,0.0,0.0
493,8/4/2016 3:00,0.0,0.0,0.0,0.0,0.0
494,8/4/2016 3:15,0.0,0.0,0.0,0.0,0.0
495,8/4/2016 3:30,0.0,0.0,0.0,0.0,0.0
496,8/4/2016 3:45,0.0,0.0,0.0,0.0,0.0
497,8/4/2016 4:00,0.0,0.0,0.0,0.0,0.0
498,8/4/2016 4:15,0.0,0.0,0.0,0.0,0.0
499,8/4/2016 4:30,0.0,0.0,0.0,0.0,0.0
500,8/4/2016 4:45,0.0,0.0,0.0,0.0,0.0
501,8/4/2016 5:00,0.0,0.0,0.0,0.0,0.0
502,8/4/2016 5:15,0.0,0.0,0.0,0.0,0.0
503,8/4/2016 5:30,0.0,0.0,0.0,0.0,0.0
504,8/4/2016 5:45,0.0,0.0,0.0,0.0,0.0
505,8/4/2016 6:00,0.0,0.0,0.0,0.0,0.0
506,8/4/2016 6:15,0.0,0.0,0.0,0.0,0.0
507,8/4/2016 6:30,0.0,0.0,0.0,0.0,0.0
508,8/4/2016 6:45,0.0,0.0,0.0,0.0,0.0
509,8/4/2016 7:00,0.0,0.0,0.0,0.0,0.0
510,8/4/2016 7:15,0.0,0.0,0.0,0.0,0.0
511,8/4/2016 7:30,0.0,0.0,0.0,0.0,0.0
512,8/4/2016 7:45,0.0,0.0,0.0,0.0,0.0
513,8/4/2016 8:00,0.0,0.0,0.0,0.0,0.0
514,8/4/2016 8:15,0.0,0.0,0.0,0.0,0.0
515,8/4/2016 8:30,0.0,0.0,0.0,0.0,0.0
516,8/4/2016 8:45,0.0,0.0,0.0,0.0,0.0
517,8/4/2016 9:00,0.0,0.0,0.0,0.0,0.0
518,8/4/2016 9:15,0.0,0.0,0.0,0.0,0.0
519,8/4/2016 9:30,0.0,0.0,0.0,0.0,0.0
520,8/4/2016 9:45,0.0,0.0,0.0,0.0,0.0
521,8/4/2016 10:00,0.0,0.0,0.0,0.0,0.0
522,8/4/2016 10:15,0.0,0.0,0.0,0.0,0.0
523,8/4/2016 10:30,0.0,0.0,0.0,0.0,0.0
524,8/4/2016 10:45,0.0,0.0,0.0,0.0,0.0
525,8/4/2016 11:00,0.0,0.0,0.0,0.0,0.0
526,8/4/2016 11:15,0.0,0.0,0.0,0.0,0.0
527,8/4/2016 11:30,0.0,0.0,0.0,0.0,0.0
528,8/4/2016 11:45,0.0,0.0,0.0,0.0,0.0
529,8/4/2016 12:00,0.0,0.0,0.0,0.0,0.0
530,8/4/2016 12:15,0.0,0.0,0.0,0.0,0.0
531,8/4/2016 12:30,0.0,0.0,0.0,0.0,0.0
532,8/4/2016 12:45,0.0,0.0,0.0,0.0,0.0
533,8/4/2016 13:00,0.0,0.0,0.0,0.0,0.0
534,8/4/2016 13:15,0.0,0.0,0.0,0.0,0.0
535,8/4/2016 13:30,0.0,0.0,0.0,0.0,0.0
536,8/4/2016 13:45,0.0,0.0,0.0,0.0,0.0
537,8/4/2016 14:00,0.0,0.0,0.0,0.0,0.0
538,8/4/2016 14:15,0.0,0.0,0.0,0.0,0.0
539,8/4/2016 14:30,0.0,0.0,0.0,0.0,0.0
540,8/4/2016 14:45,0.0,0.0,0.0,0.0,0.0
541,8/4/2016 15:00,0.0,0.0,0.0,0.0,0.0
542,8/4/2016 15:15,0.0,0.0,0.0,0.0,0.0
543,8/4/2016 15:30,0.0,0.0,0.0,0.0,0.0
544,8/4/2016 15:45,0.0,0.0,0.0,0.0,0.0
545,8/4/2016 16:00,0.0,0.0,0.0,0.0,0.0
546,8/4/2016 16:15,0.0,0.0,0.0,0.0,0.0
547,8/4/2016 16:30,0.0,0.0,0.0,0.0,0.0
548,8/4/2016 16:45,0.0,0.0,0.0,0.0,0.0
549,8/4/2016 17:00,0.0,0.0,0.0,0.0,0.0
550,8/4/2016 17:15,0.0,0.0,0.0,0.0,0.0
551,8/4/2016 17:30,0.0,0.0,0.0,0.0,0.0
552,8/4/2016 17:45,0.0,0.0,0.0,0.0,0.0
553,8/4/2016 18:00,0.0,0.0,0.0,0.0,0.0
554,8/4/2016 18:15,0.0,0.0,0.0,0.0,0.0
555,8/4/2016 18:30,0.0,0.0,0.0,0.0,0.0
556,8/4/2016 18:45,0.0,0.0,0.0,0.0,0.0
557,8/4/2016 19:00,0.0,0.0,0.0,0.0,0.0
558,8/4/2016 19:15,0.0,0.0,0.0,0.0,0.0
559,8/4/2016 19:30,0.0,0.0,0.0,0.0,0.0
560,8/4/2016 19:45,0.0,0.0,0.0,0.0,0.0
561,8/4/2016 20:00,0.0,0.0,0.0,0.0,0.0
562,8/4/2016 20:15,0.0,0.0,0.0,0.0,0.0
563,8/4/2016 20:30,0.0,0.0,0.0,0.0,0.0
564,8/4/2016 20:45,0.0,0.0,0.0,0.0,0.0
565,8/4/2016 21:00,0.0,0.0,0.0,0.0,0.0
566,8/4/2016 21:15,0.0,0.0,0.0,0.0,0.0
567,8/4/2016 21:30,0.0,25.4,0.0,0.0,0.0
568,8/4/2016 21:45,0.0,33.9,0.0,0.0,0.0
569,8/4/2016 22:00,0.0,59.3,0.0,0.0,0.0
570,8/4/2016 22:15,0.0,50.8,7.6,29.0,0.0
571,8/4/2016 22:30,0.0,42.4,15.2,65.3,0.0
572,8/4/2016 22:45,0.0,42.4,22.7,36.3,7.5
573,8/4/2016 23:00,0.0,76.2,30.3,79.8,14.9
574,8/4/2016 23:15,0.0,67.8,45.5,72.5,7.5
575,8/4/2016 23:30,0.0,33.9,22.7,29.0,7.5
576,8/4/2016 23:45,0.0,16.9,15.2,14.5,0.0
577,8/5/2016 0:00,0.0,8.5,7.6,7.3,7.5
578,8/5/2016 0:15,0.0,0.0,0.0,0.0,0.0
579,8/5/2016 0:30,0.0,8.5,15.2,7.3,0.0
580,8/5/2016 0:45,0.0,33.9,15.2,72.5,7.5
581,8/5/2016 1:00,0.0,101.6,45.5,123.3,0.0
582,8/5/2016 1:15,0.0,237.2,91.0,203.0,7.5
583,8/5/2016 1:30,0.0,160.9,68.2,159.5,0.0
584,8/5/2016 1:45,0.0,194.8,68.2,166.8,7.5
585,8/5/2016 2:00,0.0,254.1,83.4,203.0,7.5
586,8/5/2016 2:15,0.0,194.8,83.4,195.8,0.0
587,8/5/2016 2:30,0.0,262.6,98.5,246.5,7.5
588,8/5/2016 2:45,0.0,296.5,113.7,282.8,104.4
589,8/5/2016 3:00,0.0,296.5,121.3,290.0,201.4
590,8/5/2016 3:15,0.0,313.4,113.7,282.8,216.3
591,8/5/2016 3:30,0.0,364.2,128.9,297.3,67.1
592,8/5/2016 3:45,0.0,271.0,98.5,261.0,29.8
593,8/5/2016 4:00,0.0,279.5,106.1,282.8,14.9
594,8/5/2016 4:15,0.0,271.0,106.1,253.8,22.4
595,8/5/2016 4:30,0.0,330.3,121.3,311.8,44.8
596,8/5/2016 4:45,0.0,262.6,106.1,246.5,29.8
597,8/5/2016 5:00,0.0,237.2,91.0,224.8,44.8
598,8/5/2016 5:15,0.0,271.0,83.4,224.8,29.8
599,8/5/2016 5:30,0.0,237.2,91.0,224.8,37.3
600,8/5/2016 5:45,0.0,245.6,83.4,217.5,29.8
601,8/5/2016 6:00,0.0,177.9,68.2,174.0,37.3
602,8/5/2016 6:15,0.0,186.3,60.6,159.5,37.3
603,8/5/2016 6:30,0.0,203.3,75.8,188.5,22.4
604,8/5/2016 6:45,0.0,211.8,68.2,188.5,29.8
605,8/5/2016 7:00,0.0,177.9,60.6,166.8,22.4
606,8/5/2016 7:15,0.0,169.4,60.6,152.3,14.9
607,8/5/2016 7:30,0.0,177.9,53.1,159.5,22.4
608,8/5/2016 7:45,0.0,144.0,45.5,145.0,14.9
609,8/5/2016 8:00,0.0,169.4,53.1,159.5,14.9
610,8/5/2016 8:15,0.0,160.9,45.5,145.0,22.4
611,8/5/2016 8:30,0.0,152.5,37.9,130.5,14.9
612,8/5/2016 8:45,0.0,110.1,37.9,116.0,22.4
613,8/5/2016 9:00,0.0,101.6,22.7,94.3,22.4
614,8/5/2016 9:15,0.0,67.8,15.2,65.3,29.8
615,8/5/2016 9:30,0.0,59.3,15.2,43.5,29.8
616,8/5/2016 9:45,0.0,42.4,7.6,36.3,29.8
617,8/5/2016 10:00,0.0,33.9,7.6,29.0,29.8
618,8/5/2016 10:15,0.0,16.9,0.0,7.3,29.8
619,8/5/2016 10:30,0.0,8.5,0.0,7.3,37.3
620,8/5/2016 10:45,0.0,0.0,7.6,0.0,44.8
621,8/5/2016 11:00,0.0,0.0,0.0,0.0,0.0
622,8/5/2016 11:15,0.0,0.0,0.0,0.0,0.0
623,8/5/2016 11:30,0.0,0.0,0.0,0.0,0.0
624,8/5/2016 11:45,116.5,0.0,0.0,0.0,0.0
625,8/5/2016 12:00,0.0,0.0,0.0,0.0,0.0
626,8/5/2016 12:15,0.0,0.0,0.0,0.0,0.0
627,8/5/2016 12:30,0.0,0.0,0.0,0.0,0.0
628,8/5/2016 12:45,0.0,0.0,0.0,0.0,0.0
629,8/5/2016 13:00,0.0,0.0,0.0,0.0,0.0
630,8/5/2016 13:15,0.0,0.0,0.0,0.0,0.0
631,8/5/2016 13:30,0.0,0.0,0.0,0.0,0.0
632,8/5/2016 13:45,0.0,0.0,0.0,0.0,0.0
633,8/5/2016 14:00,0.0,0.0,0.0,0.0,0.0
634,8/5/2016 14:15,0.0,0.0,0.0,0.0,0.0
635,8/5/2016 14:30,0.0,0.0,0.0,0.0,0.0
636,8/5/2016 14:45,0.0,0.0,0.0,0.0,0.0
637,8/5/2016 15:00,0.0,0.0,0.0,0.0,0.0
638,8/5/2016 15:15,0.0,0.0,0.0,0.0,0.0
639,8/5/2016 15:30,0.0,0.0,0.0,0.0,0.0
640,8/5/2016 15:45,0.0,0.0,0.0,0.0,0.0
641,8/5/2016 16:00,0.0,0.0,0.0,7.3,0.0
642,8/5/2016 16:15,0.0,0.0,0.0,0.0,0.0
643,8/5/2016 16:30,0.0,0.0,0.0,0.0,0.0
644,8/5/2016 16:45,0.0,0.0,0.0,0.0,0.0
645,8/5/2016 17:00,0.0,0.0,0.0,0.0,0.0
646,8/5/2016 17:15,0.0,0.0,0.0,0.0,0.0
647,8/5/2016 17:30,0.0,0.0,0.0,0.0,0.0
648,8/5/2016 17:45,0.0,0.0,0.0,0.0,0.0
649,8/5/2016 18:00,0.0,0.0,0.0,0.0,0.0
650,8/5/2016 18:15,0.0,0.0,0.0,0.0,0.0
651,8/5/2016 18:30,0.0,0.0,0.0,0.0,0.0
652,8/5/2016 18:45,0.0,0.0,0.0,0.0,0.0
653,8/5/2016 19:00,0.0,0.0,0.0,0.0,0.0
654,8/5/2016 19:15,0.0,0.0,0.0,0.0,0.0
655,8/5/2016 19:30,0.0,0.0,0.0,0.0,0.0
656,8/5/2016 19:45,0.0,0.0,0.0,0.0,0.0
657,8/5/2016 20:00,0.0,0.0,0.0,0.0,0.0
658,8/5/2016 20:15,0.0,0.0,0.0,0.0,0.0
659,8/5/2016 20:30,0.0,0.0,0.0,0.0,0.0
660,8/5/2016 20:45,0.0,0.0,0.0,0.0,0.0
661,8/5/2016 21:00,0.0,0.0,0.0,0.0,0.0
662,8/5/2016 21:15,0.0,0.0,0.0,0.0,0.0
663,8/5/2016 21:30,0.0,0.0,0.0,0.0,0.0
664,8/5/2016 21:45,0.0,0.0,0.0,0.0,0.0
665,8/5/2016 22:00,0.0,0.0,0.0,0.0,0.0
666,8/5/2016 22:15,0.0,0.0,0.0,0.0,0.0
667,8/5/2016 22:30,0.0,0.0,0.0,0.0,0.0
668,8/5/2016 22:45,0.0,0.0,0.0,0.0,0.0
669,8/5/2016 23:00,0.0,0.0,0.0,0.0,0.0
670,8/5/2016 23:15,0.0,0.0,0.0,0.0,0.0
671,8/5/2016 23:30,0.0,0.0,0.0,0.0,0.0
672,8/5/2016 23:45,0.0,0.0,0.0,0.0,0.0
673,8/6/2016 0:00,0.0,0.0,0.0,0.0,0.0
674,8/6/2016 0:15,0.0,0.0,0.0,0.0,0.0
675,8/6/2016 0:30,0.0,0.0,0.0,0.0,0.0
676,8/6/2016 0:45,0.0,0.0,0.0,0.0,0.0
677,8/6/2016 1:00,0.0,0.0,0.0,0.0,0.0
678,8/6/2016 1:15,0.0,0.0,0.0,0.0,0.0
679,8/6/2016 1:30,0.0,0.0,0.0,0.0,0.0
680,8/6/2016 1:45,0.0,0.0,0.0,0.0,0.0
681,8/6/2016 2:00,0.0,0.0,0.0,0.0,0.0
682,8/6/2016 2:15,0.0,0.0,0.0,0.0,0.0
683,8/6/2016 2:30,0.0,0.0,0.0,0.0,0.0
684,8/6/2016 2:45,0.0,0.0,0.0,0.0,0.0
685,8/6/2016 3:00,0.0,0.0,0.0,0.0,0.0
686,8/6/2016 3:15,0.0,0.0,0.0,0.0,0.0
687,8/6/2016 3:30,0.0,0.0,0.0,0.0,0.0
688,8/6/2016 3:45,0.0,0.0,0.0,0.0,0.0
689,8/6/2016 4:00,0.0,0.0,0.0,0.0,0.0
690,8/6/2016 4:15,0.0,0.0,0.0,0.0,0.0
691,8/6/2016 4:30,0.0,0.0,0.0,0.0,0.0
692,8/6/2016 4:45,0.0,0.0,0.0,0.0,0.0
693,8/6/2016 5:00,0.0,0.0,0.0,0.0,0.0
694,8/6/2016 5:15,0.0,0.0,0.0,0.0,0.0
695,8/6/2016 5:30,0.0,0.0,0.0,0.0,0.0
696,8/6/2016 5:45,0.0,0.0,0.0,0.0,0.0
697,8/6/2016 6:00,0.0,0.0,0.0,0.0,0.0
698,8/6/2016 6:15,0.0,0.0,0.0,0.0,0.0
699,8/6/2016 6:30,0.0,0.0,0.0,0.0,0.0
700,8/6/2016 6:45,0.0,0.0,0.0,0.0,0.0
701,8/6/2016 7:00,0.0,0.0,0.0,0.0,0.0
702,8/6/2016 7:15,0.0,0.0,0.0,0.0,0.0
703,8/6/2016 7:30,0.0,0.0,0.0,0.0,0.0
704,8/6/2016 7:45,0.0,0.0,0.0,0.0,0.0
705,8/6/2016 8:00,0.0,0.0,0.0,0.0,0.0
706,8/6/2016 8:15,0.0,0.0,0.0,0.0,0.0
707,8/6/2016 8:30,0.0,0.0,0.0,0.0,0.0
708,8/6/2016 8:45,0.0,0.0,0.0,0.0,0.0
709,8/6/2016 9:00,0.0,0.0,0.0,0.0,0.0
710,8/6/2016 9:15,0.0,0.0,0.0,0.0,0.0
711,8/6/2016 9:30,0.0,0.0,0.0,0.0,0.0
712,8/6/2016 9:45,0.0,0.0,0.0,0.0,0.0
713,8/6/2016 10:00,0.0,0.0,0.0,0.0,0.0
714,8/6/2016 10:15,0.0,0.0,0.0,0.0,0.0
715,8/6/2016 10:30,0.0,0.0,0.0,0.0,0.0
716,8/6/2016 10:45,0.0,0.0,0.0,0.0,0.0
717,8/6/2016 11:00,0.0,0.0,0.0,0.0,0.0
718,8/6/2016 11:15,0.0,0.0,0.0,0.0,0.0
719,8/6/2016 11:30,0.0,0.0,0.0,0.0,0.0
720,8/6/2016 11:45,0.0,0.0,0.0,0.0,0.0
721,8/6/2016 12:00,0.0,0.0,0.0,0.0,0.0
722,8/6/2016 12:15,0.0,0.0,0.0,0.0,0.0
723,8/6/2016 12:30,0.0,0.0,0.0,0.0,0.0
724,8/6/2016 12:45,0.0,0.0,0.0,0.0,0.0
725,8/6/2016 13:00,0.0,0.0,0.0,0.0,0.0
726,8/6/2016 13:15,0.0,0.0,0.0,0.0,0.0
727,8/6/2016 13:30,0.0,0.0,0.0,0.0,0.0
728,8/6/2016 13:45,0.0,0.0,0.0,0.0,0.0
729,8/6/2016 14:00,0.0,0.0,0.0,0.0,0.0
730,8/6/2016 14:15,0.0,0.0,0.0,0.0,0.0
731,8/6/2016 14:30,0.0,0.0,0.0,0.0,0.0
732,8/6/2016 14:45,0.0,0.0,0.0,0.0,0.0
733,8/6/2016 15:00,0.0,0.0,0.0,0.0,0.0
734,8/6/2016 15:15,0.0,0.0,0.0,0.0,0.0
735,8/6/2016 15:30,0.0,0.0,0.0,0.0,0.0
736,8/6/2016 15:45,0.0,0.0,0.0,0.0,0.0
737,8/6/2016 16:00,0.0,0.0,0.0,0.0,0.0
738,8/6/2016 16:15,0.0,0.0,0.0,0.0,0.0
739,8/6/2016 16:30,0.0,0.0,0.0,0.0,0.0
740,8/6/2016 16:45,0.0,0.0,0.0,0.0,0.0
741,8/6/2016 17:00,0.0,0.0,0.0,0.0,0.0
742,8/6/2016 17:15,0.0,0.0,0.0,0.0,0.0
743,8/6/2016 17:30,0.0,0.0,0.0,0.0,0.0
744,8/6/2016 17:45,0.0,0.0,0.0,0.0,0.0
745,8/6/2016 18:00,0.0,0.0,0.0,0.0,0.0
746,8/6/2016 18:15,0.0,0.0,0.0,0.0,0.0
747,8/6/2016 18:30,0.0,0.0,0.0,0.0,0.0
748,8/6/2016 18:45,0.0,0.0,0.0,0.0,0.0
749,8/6/2016 19:00,0.0,0.0,0.0,0.0,0.0
750,8/6/2016 19:15,0.0,0.0,0.0,0.0,0.0
751,8/6/2016 19:30,0.0,0.0,0.0,0.0,0.0
752,8/6/2016 19:45,0.0,0.0,0.0,0.0,0.0
753,8/6/2016 20:00,0.0,0.0,0.0,0.0,0.0
754,8/6/2016 20:15,0.0,0.0,0.0,0.0,0.0
755,8/6/2016 20:30,0.0,0.0,0.0,0.0,0.0
756,8/6/2016 20:45,0.0,0.0,0.0,0.0,0.0
757,8/6/2016 21:00,0.0,0.0,0.0,0.0,0.0
758,8/6/2016 21:15,0.0,0.0,0.0,0.0,0.0
759,8/6/2016 21:30,0.0,0.0,0.0,0.0,0.0
760,8/6/2016 21:45,0.0,0.0,0.0,0.0,0.0
761,8/6/2016 22:00,0.0,0.0,0.0,0.0,0.0
762,8/6/2016 22:15,0.0,0.0,0.0,0.0,0.0
763,8/6/2016 22:30,0.0,0.0,0.0,0.0,0.0
764,8/6/2016 22:45,0.0,0.0,0.0,0.0,0.0
765,8/6/2016 23:00,0.0,0.0,0.0,0.0,0.0
766,8/6/2016 23:15,0.0,0.0,0.0,0.0,0.0
767,8/6/2016 23:30,0.0,0.0,0.0,0.0,0.0
768,8/6/2016 23:45,0.0,0.0,0.0,0.0,0.0
769,8/7/2016 0:00,0.0,0.0,0.0,0.0,0.0
770,8/7/2016 0:15,0.0,0.0,0.0,0.0,0.0
771,8/7/2016 0:30,0.0,0.0,0.0,0.0,0.0
772,8/7/2016 0:45,0.0,0.0,0.0,0.0,0.0
773,8/7/2016 1:00,0.0,0.0,0.0,0.0,0.0
774,8/7/2016 1:15,0.0,0.0,0.0,0.0,0.0
775,8/7/2016 1:30,0.0,0.0,0.0,0.0,0.0
776,8/7/2016 1:45,0.0,0.0,0.0,0.0,0.0
777,8/7/2016 2:00,0.0,0.0,0.0,0.0,0.0
778,8/7/2016 2:15,0.0,0.0,0.0,0.0,0.0
779,8/7/2016 2:30,0.0,0.0,0.0,0.0,0.0
780,8/7/2016 2:45,0.0,0.0,0.0,0.0,0.0
781,8/7/2016 3:00,0.0,0.0,0.0,0.0,0.0
782,8/7/2016 3:15,0.0,0.0,0.0,0.0,0.0
783,8/7/2016 3:30,0.0,0.0,0.0,0.0,0.0
784,8/7/2016 3:45,0.0,0.0,0.0,0.0,0.0
785,8/7/2016 4:00,0.0,0.0,0.0,0.0,0.0
786,8/7/2016 4:15,0.0,0.0,0.0,0.0,0.0
787,8/7/2016 4:30,0.0,0.0,0.0,0.0,0.0
788,8/7/2016 4:45,0.0,0.0,0.0,0.0,0.0
789,8/7/2016 5:00,0.0,0.0,0.0,0.0,0.0
790,8/7/2016 5:15,0.0,0.0,0.0,0.0,0.0
791,8/7/2016 5:30,0.0,0.0,0.0,0.0,0.0
792,8/7/2016 5:45,0.0,0.0,0.0,0.0,0.0
793,8/7/2016 6:00,0.0,0.0,0.0,0.0,0.0
794,8/7/2016 6:15,0.0,0.0,0.0,0.0,0.0
795,8/7/2016 6:30,0.0,0.0,0.0,0.0,0.0
796,8/7/2016 6:45,0.0,0.0,0.0,0.0,0.0
797,8/7/2016 7:00,0.0,0.0,0.0,0.0,0.0
798,8/7/2016 7:15,0.0,0.0,0.0,0.0,0.0
799,8/7/2016 7:30,0.0,0.0,0.0,0.0,0.0
800,8/7/2016 7:45,0.0,0.0,0.0,0.0,0.0
801,8/7/2016 8:00,0.0,0.0,0.0,0.0,0.0
802,8/7/2016 8:15,0.0,0.0,0.0,0.0,0.0
803,8/7/2016 8:30,0.0,0.0,0.0,0.0,0.0
804,8/7/2016 8:45,0.0,0.0,0.0,0.0,0.0
805,8/7/2016 9:00,0.0,0.0,0.0,0.0,0.0
806,8/7/2016 9:15,0.0,0.0,0.0,0.0,0.0
807,8/7/2016 9:30,0.0,0.0,0.0,0.0,0.0
808,8/7/2016 9:45,0.0,0.0,0.0,0.0,0.0
809,8/7/2016 10:00,0.0,0.0,0.0,0.0,0.0
810,8/7/2016 10:15,0.0,0.0,0.0,0.0,0.0
811,8/7/2016 10:30,0.0,0.0,0.0,0.0,0.0
812,8/7/2016 10:45,0.0,0.0,0.0,0.0,0.0
813,8/7/2016 11:00,34.3,0.0,0.0,0.0,0.0
814,8/7/2016 11:15,6.9,0.0,0.0,0.0,0.0
815,8/7/2016 11:30,0.0,0.0,0.0,0.0,0.0
816,8/7/2016 11:45,0.0,0.0,0.0,0.0,0.0
817,8/7/2016 12:00,0.0,0.0,0.0,0.0,0.0
818,8/7/2016 12:15,0.0,0.0,0.0,0.0,0.0
819,8/7/2016 12:30,0.0,0.0,0.0,0.0,0.0
820,8/7/2016 12:45,0.0,0.0,0.0,0.0,0.0
821,8/7/2016 13:00,0.0,0.0,0.0,0.0,0.0
822,8/7/2016 13:15,0.0,0.0,0.0,0.0,0.0
823,8/7/2016 13:30,0.0,0.0,0.0,0.0,0.0
824,8/7/2016 13:45,6.9,0.0,0.0,0.0,0.0
825,8/7/2016 14:00,68.5,0.0,0.0,0.0,0.0
826,8/7/2016 14:15,34.3,0.0,0.0,0.0,0.0
827,8/7/2016 14:30,0.0,0.0,0.0,0.0,0.0
828,8/7/2016 14:45,0.0,0.0,0.0,0.0,0.0
829,8/7/2016 15:00,0.0,0.0,0.0,0.0,0.0
830,8/7/2016 15:15,0.0,0.0,0.0,0.0,0.0
831,8/7/2016 15:30,0.0,0.0,0.0,0.0,0.0
832,8/7/2016 15:45,0.0,0.0,0.0,0.0,0.0
833,8/7/2016 16:00,0.0,0.0,0.0,0.0,0.0
834,8/7/2016 16:15,0.0,0.0,0.0,0.0,0.0
835,8/7/2016 16:30,0.0,0.0,0.0,0.0,0.0
836,8/7/2016 16:45,0.0,0.0,0.0,0.0,0.0
837,8/7/2016 17:00,0.0,0.0,0.0,0.0,0.0
838,8/7/2016 17:15,0.0,0.0,0.0,0.0,0.0
839,8/7/2016 17:30,0.0,0.0,0.0,0.0,0.0
840,8/7/2016 17:45,0.0,0.0,0.0,0.0,0.0
841,8/7/2016 18:00,0.0,0.0,0.0,0.0,0.0
842,8/7/2016 18:15,0.0,0.0,0.0,0.0,0.0
843,8/7/2016 18:30,0.0,0.0,0.0,0.0,0.0
844,8/7/2016 18:45,0.0,0.0,0.0,0.0,0.0
845,8/7/2016 19:00,0.0,0.0,0.0,0.0,0.0
846,8/7/2016 19:15,0.0,0.0,0.0,0.0,0.0
847,8/7/2016 19:30,0.0,0.0,0.0,0.0,0.0
848,8/7/2016 19:45,0.0,0.0,0.0,0.0,0.0
849,8/7/2016 20:00,0.0,0.0,0.0,0.0,0.0
850,8/7/2016 20:15,0.0,0.0,0.0,0.0,0.0
851,8/7/2016 20:30,0.0,0.0,0.0,0.0,0.0
852,8/7/2016 20:45,0.0,0.0,0.0,0.0,0.0
853,8/7/2016 21:00,0.0,0.0,0.0,0.0,0.0
854,8/7/2016 21:15,0.0,0.0,0.0,0.0,0.0
855,8/7/2016 21:30,0.0,0.0,0.0,0.0,0.0
856,8/7/2016 21:45,0.0,0.0,0.0,0.0,0.0
857,8/7/2016 22:00,0.0,0.0,0.0,0.0,0.0
858,8/7/2016 22:15,0.0,0.0,0.0,0.0,0.0
859,8/7/2016 22:30,0.0,0.0,0.0,0.0,0.0
860,8/7/2016 22:45,0.0,0.0,0.0,0.0,0.0
861,8/7/2016 23:00,0.0,0.0,0.0,0.0,0.0
862,8/7/2016 23:15,0.0,0.0,0.0,0.0,0.0
863,8/7/2016 23:30,0.0,0.0,0.0,0.0,0.0
864,8/7/2016 23:45,0.0,0.0,0.0,0.0,0.0
865,8/8/2016 0:00,0.0,0.0,0.0,0.0,0.0
866,8/8/2016 0:15,0.0,0.0,0.0,0.0,0.0
867,8/8/2016 0:30,0.0,0.0,0.0,0.0,0.0
868,8/8/2016 0:45,0.0,0.0,0.0,0.0,0.0
869,8/8/2016 1:00,0.0,0.0,0.0,0.0,0.0
870,8/8/2016 1:15,0.0,0.0,0.0,0.0,0.0
871,8/8/2016 1:30,0.0,0.0,0.0,0.0,0.0
872,8/8/2016 1:45,0.0,0.0,0.0,0.0,0.0
873,8/8/2016 2:00,0.0,0.0,0.0,0.0,0.0
874,8/8/2016 2:15,0.0,0.0,0.0,0.0,0.0
875,8/8/2016 2:30,0.0,0.0,0.0,0.0,0.0
876,8/8/2016 2:45,0.0,0.0,0.0,0.0,0.0
877,8/8/2016 3:00,0.0,0.0,0.0,0.0,0.0
878,8/8/2016 3:15,0.0,0.0,0.0,0.0,0.0
879,8/8/2016 3:30,0.0,0.0,0.0,0.0,0.0
880,8/8/2016 3:45,0.0,0.0,0.0,0.0,0.0
881,8/8/2016 4:00,0.0,0.0,0.0,0.0,0.0
882,8/8/2016 4:15,0.0,0.0,0.0,0.0,0.0
883,8/8/2016 4:30,0.0,0.0,0.0,0.0,0.0
884,8/8/2016 4:45,0.0,0.0,0.0,0.0,0.0
885,8/8/2016 5:00,0.0,0.0,0.0,0.0,0.0
886,8/8/2016 5:15,0.0,0.0,0.0,0.0,0.0
887,8/8/2016 5:30,0.0,0.0,0.0,0.0,0.0
888,8/8/2016 5:45,0.0,0.0,0.0,0.0,0.0
889,8/8/2016 6:00,0.0,0.0,0.0,0.0,0.0
890,8/8/2016 6:15,0.0,0.0,0.0,0.0,0.0
891,8/8/2016 6:30,0.0,0.0,0.0,0.0,0.0
892,8/8/2016 6:45,0.0,0.0,0.0,0.0,0.0
893,8/8/2016 7:00,0.0,0.0,0.0,0.0,0.0
894,8/8/2016 7:15,0.0,0.0,0.0,0.0,0.0
895,8/8/2016 7:30,0.0,0.0,0.0,0.0,0.0
896,8/8/2016 7:45,54.8,0.0,0.0,0.0,0.0
897,8/8/2016 8:00,20.6,0.0,0.0,0.0,0.0
898,8/8/2016 8:15,0.0,0.0,0.0,0.0,0.0
899,8/8/2016 8:30,0.0,0.0,0.0,0.0,0.0
900,8/8/2016 8:45,0.0,0.0,0.0,0.0,0.0
901,8/8/2016 9:00,0.0,0.0,0.0,0.0,0.0
902,8/8/2016 9:15,0.0,0.0,0.0,0.0,0.0
903,8/8/2016 9:30,0.0,0.0,0.0,0.0,0.0
904,8/8/2016 9:45,0.0,0.0,0.0,0.0,0.0
905,8/8/2016 10:00,48.0,0.0,0.0,0.0,0.0
906,8/8/2016 10:15,54.8,0.0,0.0,0.0,0.0
907,8/8/2016 10:30,0.0,0.0,0.0,0.0,0.0
908,8/8/2016 10:45,20.6,0.0,0.0,0.0,0.0
909,8/8/2016 11:00,6.9,0.0,0.0,0.0,0.0
910,8/8/2016 11:15,0.0,0.0,0.0,0.0,0.0
911,8/8/2016 11:30,0.0,0.0,0.0,0.0,0.0
912,8/8/2016 11:45,0.0,0.0,0.0,0.0,0.0
913,8/8/2016 12:00,0.0,0.0,0.0,0.0,0.0
914,8/8/2016 12:15,6.9,0.0,0.0,0.0,0.0
915,8/8/2016 12:30,13.7,0.0,0.0,0.0,0.0
916,8/8/2016 12:45,102.8,0.0,0.0,0.0,0.0
917,8/8/2016 13:00,0.0,0.0,0.0,0.0,0.0
918,8/8/2016 13:15,0.0,0.0,0.0,0.0,0.0
919,8/8/2016 13:30,0.0,0.0,0.0,0.0,0.0
920,8/8/2016 13:45,0.0,0.0,0.0,0.0,0.0
921,8/8/2016 14:00,0.0,0.0,0.0,0.0,0.0
922,8/8/2016 14:15,0.0,0.0,0.0,0.0,0.0
923,8/8/2016 14:30,0.0,0.0,0.0,0.0,0.0
924,8/8/2016 14:45,0.0,0.0,0.0,0.0,0.0
925,8/8/2016 15:00,0.0,0.0,0.0,0.0,0.0
926,8/8/2016 15:15,0.0,0.0,0.0,0.0,0.0
927,8/8/2016 15:30,0.0,0.0,0.0,0.0,0.0
928,8/8/2016 15:45,0.0,0.0,0.0,0.0,0.0
929,8/8/2016 16:00,0.0,0.0,0.0,0.0,0.0
930,8/8/2016 16:15,0.0,0.0,0.0,0.0,0.0
931,8/8/2016 16:30,0.0,0.0,0.0,0.0,0.0
932,8/8/2016 16:45,0.0,0.0,0.0,0.0,0.0
933,8/8/2016 17:00,0.0,0.0,0.0,0.0,0.0
934,8/8/2016 17:15,0.0,0.0,0.0,0.0,0.0
935,8/8/2016 17:30,0.0,0.0,0.0,0.0,0.0
936,8/8/2016 17:45,0.0,0.0,0.0,0.0,0.0
